제목,내용,별점,날짜
조직화된 근본적 코어,수익에 중점을 둔 결합된 지식 기반,5,2023-06-06
복제된 로컬 분석,안정적인 분리된 융합,5,2023-06-13
안전한 그리드 가능 코어,중심이 글로벌 미들웨어,3,2023-06-25
특별한 물류 인코딩,다용도 요약 GUI,5,2023-06-23
진보적인 5세대 프로젝트,다양한 확장 암호화,3,2023-06-15
비즈니스 중점적 분리된 아카이브,오픈소스 가치추가 에뮬레이션,3,2023-06-26
객체 기반의 글로벌 지원,완벽히 설정된 고단계 예보,2,2023-06-02
비즈니스 중점적 역수 안내 창구,강력한 지역적 모델,3,2023-06-03
오픈소스 수요 중심 프레임,자가 이용 가능한 인간자원 배열,5,2023-06-26
유저 친화적 실시간 인코딩,원활한 작동 모니터링,4,2023-06-27
무결점의 6세대 축적,줄어든 주파수 탐지 가능 GUI,5,2023-06-30
낮은 교훈적 분석,업그레이드 가능한 문맥 기반 데이터베이스,3,2023-06-29
오픈소스 하이브리드 정책,크로스 플랫폼 국가적 서비스 창구,5,2023-06-11
객체 기반의 합성물 코어,유기농 필수 연합,2,2023-06-30
완벽히 설정된 24/7 계층,모니터링되는 결정 프레임워크,1,2023-06-25
트리플 버퍼 휴리스틱 보안구역,반동적인 무관용 알고리즘,4,2023-06-29
반동적인 안정적 예산 관리,최적화된 클라이언트-서버 환경,1,2023-06-10
공개 키 가치추가 펌웨어,무결점의 최적화된 데이터베이스,1,2023-06-25
관리된 확장 능력,효율적인 무관용 알고리즘,4,2023-06-24
수익에 중점을 둔 결정 보안구역,객체 기반의 확장 접근,1,2023-06-03
올바른 사이즈의 결합된 환경,최적화된 실시간 제품,2,2023-06-27
더 커진 요약 인트라넷,완벽히 설정된 잘 모듈화된 지원,5,2023-06-03
오픈소스 작동 전략,최전방 역수 시너지,2,2023-06-22
효율적인 휴대형 미들웨어,단체 기반의 객체 지향적 시너지,4,2023-06-30
올바른 사이즈의 4세대 정책,특별한 클라이언트 단 허브,2,2023-06-04
함수 기반의 문맥 기반 보안구역,무결점의 백그라운드 공개 시스템,4,2023-06-15
유저 친화적 24시간 계층,다양한 6세대 배열,5,2023-06-05
동기화 물류 배열,모니터링되는 주파수 탐지 가능 컨셉,4,2023-06-19
동기화 무관용 환경,완벽히 설정된 클라이언트 단 연합,5,2023-06-18
공개 키 물류 구조체,낮은 역수 암호화,4,2023-06-04
적응된 수요 중심 표준,더 커진 스며든 프로토콜,4,2023-06-20
원활한 다음 세대 환경,적응된 결정 하드웨어,2,2023-06-30
크로스 플랫폼 인간자원 인공지능,안정적인 안정적 솔루션,4,2023-06-01
품질 중심의 가치추가 태도,공개 아키텍쳐 객체 지향적 융합,3,2023-06-22
낮은 클라이언트-서버 그룹웨어,최적화된 실행 암호화,3,2023-06-19
최적화된 무해한 고객 만족,멀티 채널 교훈적 환경,1,2023-06-20
최전방 확장 프레임,크로스 그룹 가치추가 에뮬레이션,1,2023-06-28
관리된 해답 기반 프로토콜,원활한 5세대 코어,3,2023-06-10
다양한 문맥 기반 지식 기반,수익에 중점을 둔 하이브리드 모델,5,2023-06-02
멀티 채널 비동기 정책,관리된 실시간 지식 기반,4,2023-06-07
자가 이용 가능한 다음 세대 능력,줄어든 근본적 에뮬레이션,4,2023-06-07
비즈니스 중점적 무관리 엔진,반동적인 3세대 패러다임,3,2023-06-22
미래가 보장된 비대칭 시간화,크로스 플랫폼 클라이언트 단 예보,4,2023-06-03
유기농 모듈형 LAN,비전 있는 무해한 데이터베이스,1,2023-06-20
효율적인 합성물 우연성,크로스 그룹 장거리 보안구역,5,2023-06-03
숙련된 지역적 패러다임,멀티 채널 분리된 서비스 창구,4,2023-06-18
관리된 하이브리드 지원,재정렬 상황에 맞는 정책,5,2023-06-06
관리된 비동기 관리자,조직화된 고단계 정의,3,2023-06-01
자동화된 객체 지향적 인공지능,미래가 보장된 필수 배열,2,2023-06-01
다용도 보조 예산 관리,출판된 그리드 가능 환경,5,2023-06-20
동기화 잘 모듈화된 축적,멀티 채널 헌신적 마이그레이션,1,2023-06-23
줄어든 24시간 정의,수익에 중점을 둔 작동 엔진,1,2023-06-04
더 작아진 역수 서비스 창구,자동화된 지역적 미들웨어,2,2023-06-15
숙련된 국가적 축적,유저 친화적 스며든 솔루션,3,2023-06-10
적응된 그리드 가능 보안구역,공개 키 밀착 배열,5,2023-06-28
숙련된 최적화된 인코딩,인체 공학적인 선구적 허브,4,2023-06-18
변경 가능한 인간자원 정의,무결점의 6세대 예보,5,2023-06-27
모니터링되는 멀티미디어 펌웨어,설정 가능한 그리드 가능 모델,1,2023-06-09
안정적인 헌신적 접근,트리플 버퍼 멀티미디어 안내 창구,1,2023-06-07
다중 주파수 역수 관리자,안정적인 국가적 구조체,5,2023-06-18
융합력있는 무관리 인터페이스,가상 실시간 함수,1,2023-06-02
리버스 엔지니어링된 분리형 벤치마크,낮은 중립형 전략,5,2023-06-27
비즈니스 중점적 모듈형 공개 시스템,진보적인 6세대 미들웨어,2,2023-06-29
공유 가능한 해답 기반 마이그레이션,더 커진 웹 사용 가능 접근,3,2023-06-21
비전 있는 수요 중심 GUI,중심이 가치추가 모델,2,2023-06-08
완벽히 설정된 컨텐츠 기반 알고리즘,미래가 보장된 무관리 어댑터,1,2023-06-07
크로스 그룹 확장 정책,줄어든 결정 함수,1,2023-06-28
미래가 보장된 문맥 기반 연합,미래가 보장된 그리드 가능 인코딩,2,2023-06-11
다양한 하이브리드 접근,단체 기반의 해답 기반 솔루션,4,2023-06-29
융합력있는 객체 지향적 공개 시스템,동기화 합성물 프레임,5,2023-06-24
모니터링되는 웹 사용 가능 정책,함수 기반의 컨텐츠 기반 미들웨어,4,2023-06-02
융합된 분석중인 암호화,미래가 보장된 작동 지원,5,2023-06-17
변경 가능한 클라이언트 단 인터페이스,특별한 헌신적 환경,4,2023-06-06
완벽히 설정된 휴리스틱 함수,유기농 휴리스틱 포탈,1,2023-06-01
멀티 채널 휴리스틱 표준,강화된 역수 표준,3,2023-06-09
조절 가능한 결정 능력,1:1 고도 기반 전략,4,2023-06-19
품질 중심의 헌신적 모델,낮은 컨텐츠 기반 고객 만족,2,2023-06-09
단체 기반의 웹 사용 가능 축적,더 커진 분석중인 솔루션,2,2023-06-14
특별한 하이브리드 접근,융합된 24/7 어댑터,4,2023-06-19
조직화된 컨텐츠 기반 관리자,공개 아키텍쳐 클라이언트-서버 인터페이스,1,2023-06-08
프로그래밍 가능한 취약점 접근,디지털화된 무관리 성공,3,2023-06-04
융합된 헌신적 환경,유기농 그리드 가능 정책,2,2023-06-04
자가 이용 가능한 인간자원 함수,트리플 버퍼 객체 지향적 우연성,5,2023-06-12
조직화된 5세대 웹 사이트,크로스 그룹 인간자원 어플리케이션,3,2023-06-03
다중 주파수 결정 그래픽 인터페이스,리버스 엔지니어링된 지역적 보안구역,3,2023-06-30
공유 가능한 무관용 그래픽 인터페이스,조절 가능한 정적 능력,2,2023-06-15
객체 기반의 결합된 분석,독보적인 물류 시간화,2,2023-06-01
다중 주파수 주파수 탐지 가능 펌웨어,숙련된 교훈적 환경,3,2023-06-21
중심이 모듈형 제품,트리플 버퍼 결정 미디어 정보,2,2023-06-02
낮은 6세대 축적,원활한 중립형 펌웨어,3,2023-06-11
확장된 클라이언트-서버 관리자,인체 공학적인 최적화된 연합,3,2023-06-28
총 국가적 우연성,특별한 무해한 태도,2,2023-06-29
동기화 물류 미들웨어,미래가 보장된 무관용 우연성,4,2023-06-08
더 커진 밀착 능력,더 커진 비대칭 아키텍쳐,3,2023-06-19
수익에 중점을 둔 그리드 가능 벤치마크,멀티 채널 휴리스틱 프로젝트,5,2023-06-22
재정렬 중립형 능력,수익에 중점을 둔 무해한 환경,5,2023-06-16
출판된 합성물 생산 능력,가상 24시간 하드웨어,3,2023-06-06
확장된 비동기 패러다임,자가 이용 가능한 결합된 시너지,2,2023-06-20
총 확장 하드웨어,공개 키 분리형 LAN,5,2023-06-29
완벽히 설정된 비동기 시간화,업그레이드 가능한 결합된 능력,3,2023-06-18
재정렬 주파수 탐지 가능 우연성,융합력있는 합성물 공구,1,2023-06-23
유저 친화적 그리드 가능 웹 사이트,출판된 다중 상태 정의,3,2023-06-12
단체 기반의 정적 계층,멀티 채널 글로벌 고객 만족,3,2023-06-09
재정렬 장거리 포탈,출판된 클라이언트-서버 패러다임,1,2023-06-15
다중 주파수 실행 고객 만족,크로스 플랫폼 해답 기반 우연성,3,2023-06-14
숙련된 로컬 지식 기반,크로스 그룹 스며든 정책,3,2023-06-24
더 작아진 선구적 성공,사용자 중심의 잘 모듈화된 예보,4,2023-06-28
수익에 중점을 둔 무관리 정책,숙련된 3세대 예보,5,2023-06-26
비전 있는 최대화 에뮬레이션,안전한 결합된 프로젝트,3,2023-06-15
프로그래밍 가능한 근본적 컨셉,비즈니스 중점적 백그라운드 태도,2,2023-06-13
리버스 엔지니어링된 장거리 능력,리버스 엔지니어링된 국가적 솔루션,2,2023-06-16
선택적 다중 상태 아키텍쳐,자가 이용 가능한 다이나믹 프레임,4,2023-06-24
단체 기반의 다이나믹 모니터링,단체 기반의 실시간 펌웨어,3,2023-06-05
다중 주파수 멀티 태스킹 아키텍쳐,완벽히 설정된 멀티미디어 에뮬레이션,1,2023-06-27
관리된 객체 지향적 미들웨어,오픈소스 문맥 기반 마이그레이션,3,2023-06-16
다중 주파수 컨텐츠 기반 LAN,사용자 중심의 4세대 우연성,5,2023-06-15
융합력있는 객체 지향적 시너지,수익에 중점을 둔 범국가적 프로토콜,2,2023-06-19
확장된 무관리 서비스 창구,트리플 버퍼 무해한 패러다임,1,2023-06-07
다양한 헌신적 LAN,공유 가능한 멀티미디어 어댑터,1,2023-06-13
1:1 확장 LAN,확장된 역수 접근,4,2023-06-01
융합력있는 결합된 소프트웨어,강력한 정적 지식 기반,5,2023-06-28
강화된 헌신적 고객 만족,강력한 멀티미디어 환경,3,2023-06-01
조직화된 분석중인 프레임,다중 주파수 상황에 맞는 계층,2,2023-06-20
함수 기반의 밀착 어플리케이션,디지털화된 상황에 맞는 축적,5,2023-06-07
비즈니스 중점적 작동 인터페이스,업그레이드 가능한 근본적 설치과정,3,2023-06-13
공개 아키텍쳐 휴대형 데이터베이스,반동적인 확장 태도,1,2023-06-28
적응된 비동기 허브,공개 키 웹 사용 가능 환경,2,2023-06-04
공유 가능한 클라이언트 단 컨셉,사용자 중심의 클라이언트-서버 아키텍쳐,5,2023-06-01
완벽히 설정된 결정 미디어 정보,사용자 중심의 문맥 기반 회로,2,2023-06-05
공개 키 요약 패러다임,관리된 결합된 패러다임,5,2023-06-30
공개 아키텍쳐 실행 소프트웨어,리버스 엔지니어링된 상황에 맞는 연합,1,2023-06-08
단체 기반의 컨텐츠 기반 능력,객체 기반의 밀착 벤치마크,5,2023-06-26
프로그래밍 가능한 휴리스틱 엑스트라넷,올바른 사이즈의 24/7 프로젝트,1,2023-06-08
출판된 주파수 탐지 가능 우연성,특별한 분석중인 아카이브,2,2023-06-27
모니터링되는 24시간 시간화,융합된 5세대 시너지,4,2023-06-12
자가 이용 가능한 실행 패러다임,안정적인 방향 배열,2,2023-06-15
조직화된 지역적 예보,동기화 4세대 회로,4,2023-06-24
중심이 클라이언트-서버 환경,확대된 무관용 성공,4,2023-06-03
미래가 보장된 6세대 패러다임,숙련된 수요 중심 고객 만족,5,2023-06-10
가상 필수 패러다임,융합된 무해한 표준,1,2023-06-23
디지털화된 장거리 GUI,크로스 플랫폼 결정 인트라넷,5,2023-06-10
1:1 3세대 인터페이스,수익에 중점을 둔 그리드 가능 프로젝트,4,2023-06-11
단체 기반의 중립형 고객 만족,확대된 방향 관리자,4,2023-06-10
다용도 국가적 엔진,더 커진 해답 기반 태도,4,2023-06-03
조직화된 잘 모듈화된 태도,공개 아키텍쳐 고도 기반 도전,5,2023-06-28
올바른 사이즈의 백그라운드 엔진,원활한 헌신적 벤치마크,5,2023-06-04
올바른 사이즈의 스며든 어댑터,모니터링되는 필수 프로젝트,3,2023-06-12
변경 가능한 필수 GUI,1:1 결합된 인코딩,2,2023-06-24
사용자 중심의 고단계 지원,완벽히 설정된 취약점 모니터링,3,2023-06-05
강력한 3세대 도전,변경 가능한 모듈형 예산 관리,5,2023-06-30
강화된 밀착 시너지,강력한 근본적 프레임워크,1,2023-06-28
강화된 국가적 전략,진보적인 모듈형 지원,3,2023-06-28
올바른 사이즈의 밀착 패러다임,프로그래밍 가능한 최대화 구조체,4,2023-06-30
함수 기반의 5세대 접근,더 커진 실행 배열,2,2023-06-27
올바른 사이즈의 백그라운드 생산 능력,강력한 그리드 가능 코어,1,2023-06-14
공개 아키텍쳐 헌신적 어댑터,다양한 장거리 암호화,1,2023-06-10
프로그래밍 가능한 작동 정의,융합된 선구적 인터페이스,4,2023-06-11
변경 가능한 필수 전략,원활한 정적 웹 사이트,1,2023-06-02
인체 공학적인 백그라운드 미들웨어,낮은 주파수 탐지 가능 모니터링,1,2023-06-23
조절 가능한 잘 모듈화된 우연성,자가 이용 가능한 요약 웹 사이트,1,2023-06-17
숙련된 선구적 포탈,디지털화된 비대칭 인터페이스,2,2023-06-11
안정적인 작동 성공,관리된 비동기 웹 사이트,3,2023-06-17
총 해답 기반 유연성,확장된 객체 지향적 그룹웨어,1,2023-06-27
조절 가능한 수요 중심 공개 시스템,디지털화된 결정 하드웨어,3,2023-06-24
미래가 보장된 실행 연합,선택적 4세대 프로젝트,3,2023-06-13
줄어든 6세대 프로젝트,강력한 휴리스틱 예산 관리,3,2023-06-09
인체 공학적인 취약점 회로,오픈소스 클라이언트 단 환경,2,2023-06-20
원활한 합성물 인터페이스,선택적 휴대형 프레임,3,2023-06-20
미래가 보장된 분리형 시너지,안정적인 선구적 패러다임,4,2023-06-05
선택적 근본적 축적,다용도 확장 미들웨어,2,2023-06-07
디지털화된 하이브리드 프레임,공유 가능한 고도 기반 허브,2,2023-06-01
조절 가능한 글로벌 포탈,조직화된 3세대 그룹웨어,3,2023-06-12
낮은 웹 사용 가능 솔루션,자가 이용 가능한 문맥 기반 예산 관리,2,2023-06-20
다용도 환경 친화적 미들웨어,사용자 중심의 헌신적 마이그레이션,1,2023-06-11
공유 가능한 확장 미들웨어,업그레이드 가능한 분리형 연합,5,2023-06-17
크로스 그룹 클라이언트 단 표준,1:1 분리된 알고리즘,5,2023-06-07
공개 키 밀착 암호화,총 백그라운드 미디어 정보,2,2023-06-26
재정렬 5세대 웹 사이트,공유 가능한 고단계 표준,3,2023-06-05
진보적인 안정적 모델,동기화 스며든 컨셉,2,2023-06-18
융합력있는 클라이언트-서버 알고리즘,더 커진 웹 사용 가능 에뮬레이션,3,2023-06-14
확대된 무해한 알고리즘,완벽히 설정된 중립형 인공지능,2,2023-06-21
안정적인 다이나믹 고객 만족,다중 주파수 최적화된 생산 능력,3,2023-06-10
중심이 24시간 고객 만족,무결점의 분리된 보안구역,4,2023-06-17
무결점의 필수 환경,숙련된 교훈적 공구,5,2023-06-16
객체 기반의 가치추가 공구,올바른 사이즈의 문맥 기반 환경,1,2023-06-09
무결점의 다중 상태 융합,안정적인 잘 모듈화된 허브,1,2023-06-01
총 보조 코어,사용자 중심의 확장 설치과정,4,2023-06-10
효율적인 5세대 인트라넷,안전한 선구적 접근,2,2023-06-24
업그레이드 가능한 역수 어플리케이션,숙련된 결정 마이그레이션,4,2023-06-26
낮은 하이브리드 제품,복제된 헌신적 지원,3,2023-06-07
자가 이용 가능한 수요 중심 보안구역,함수 기반의 국가적 관리자,4,2023-06-06
멀티 채널 안정적 인트라넷,오픈소스 잘 모듈화된 아키텍쳐,1,2023-06-30
리버스 엔지니어링된 교훈적 알고리즘,융합력있는 작동 축적,3,2023-06-18
중심이 수요 중심 접근,비즈니스 중점적 국가적 솔루션,1,2023-06-01
자가 이용 가능한 다중 상태 환경,트리플 버퍼 고단계 분석,3,2023-06-24
줄어든 백그라운드 환경,안전한 휴리스틱 패러다임,2,2023-06-21
효율적인 스며든 정책,조직화된 다이나믹 데이터베이스,3,2023-06-13
가상 근본적 포탈,안전한 무해한 아카이브,2,2023-06-06
크로스 플랫폼 안정적 예산 관리,융합력있는 멀티미디어 우연성,5,2023-06-07
다용도 그리드 가능 전략,완벽히 설정된 방향 예보,3,2023-06-16
변경 가능한 필수 구조체,진보적인 24시간 도전,2,2023-06-16
업그레이드 가능한 수요 중심 허브,총 분석중인 LAN,4,2023-06-27
복제된 필수 지식 기반,최전방 멀티 태스킹 회로,1,2023-06-09
다양한 필수 소프트웨어,비즈니스 중점적 고단계 프로토콜,1,2023-06-20
객체 기반의 다음 세대 코어,단체 기반의 잘 모듈화된 환경,3,2023-06-17
가상 가치추가 프로젝트,강화된 24/7 엑스트라넷,5,2023-06-17
최전방 지역적 서비스 창구,확대된 범국가적 아키텍쳐,2,2023-06-05
융합된 그리드 가능 인공지능,수익에 중점을 둔 실시간 포탈,3,2023-06-10
효율적인 클라이언트-서버 GUI,더 커진 취약점 구조체,5,2023-06-11
다중 주파수 가치추가 프로젝트,유저 친화적 가치추가 예보,3,2023-06-20
적응된 다이나믹 시너지,리버스 엔지니어링된 작동 예산 관리,4,2023-06-21
비전 있는 24/7 정의,프로그래밍 가능한 24시간 엔진,5,2023-06-13
적응된 클라이언트-서버 도전,객체 기반의 멀티 태스킹 배열,3,2023-06-06
변경 가능한 무해한 환경,크로스 그룹 웹 사용 가능 알고리즘,3,2023-06-22
멀티 레이어 실행 환경,선택적 휴리스틱 유연성,5,2023-06-30
업그레이드 가능한 24/7 회로,원활한 휴리스틱 웹 사이트,1,2023-06-13
프로그래밍 가능한 주파수 탐지 가능 인터페이스,1:1 가치추가 GUI,2,2023-06-01
비전 있는 헌신적 예보,자가 이용 가능한 헌신적 표준,2,2023-06-09
안정적인 정적 환경,총 밀착 모델,5,2023-06-26
품질 중심의 교훈적 솔루션,모니터링되는 24시간 구조체,1,2023-06-01
관리된 중립형 회로,단체 기반의 실시간 지원,2,2023-06-26
더 커진 분리형 환경,올바른 사이즈의 멀티 태스킹 환경,1,2023-06-17
자가 이용 가능한 안정적 관리자,비전 있는 취약점 연합,1,2023-06-19
다양한 장거리 공구,출판된 방향 예산 관리,5,2023-06-29
미래가 보장된 필수 연합,무결점의 분리형 프로토콜,3,2023-06-19
안정적인 무관리 엑스트라넷,객체 기반의 역수 안내 창구,1,2023-06-08
융합력있는 수요 중심 성공,강력한 비동기 마이그레이션,3,2023-06-22
재정렬 국가적 시너지,다중 주파수 수요 중심 도전,4,2023-06-04
확장된 상황에 맞는 어댑터,다양한 잘 모듈화된 관리자,3,2023-06-21
설정 가능한 클라이언트 단 관리자,반동적인 4세대 환경,1,2023-06-28
진보적인 분리형 분석,비즈니스 중점적 비대칭 지원,2,2023-06-03
선택적 잘 모듈화된 계층,융합된 웹 사용 가능 하드웨어,2,2023-06-20
융합력있는 3세대 모니터링,멀티 레이어 분석중인 어플리케이션,1,2023-06-05
복제된 3세대 미들웨어,원활한 밀착 모니터링,5,2023-06-01
크로스 그룹 분리된 벤치마크,독보적인 인간자원 컨셉,1,2023-06-19
반동적인 클라이언트 단 프로토콜,최전방 잘 모듈화된 에뮬레이션,3,2023-06-07
유기농 4세대 환경,중심이 백그라운드 모델,1,2023-06-03
객체 기반의 클라이언트-서버 표준,설정 가능한 컨텐츠 기반 데이터베이스,3,2023-06-02
조절 가능한 환경 친화적 유연성,가상 역수 인트라넷,1,2023-06-10
강화된 글로벌 GUI,융합된 수요 중심 능력,1,2023-06-06
효율적인 범국가적 제품,트리플 버퍼 국가적 정의,3,2023-06-19
트리플 버퍼 상황에 맞는 인트라넷,가상 해답 기반 정의,5,2023-06-01
1:1 장거리 프로토콜,적응된 선구적 전략,2,2023-06-06
크로스 플랫폼 합성물 인트라넷,프로그래밍 가능한 해답 기반 보안구역,5,2023-06-08
업그레이드 가능한 해답 기반 인트라넷,줄어든 멀티미디어 데이터베이스,1,2023-06-16
조직화된 장거리 알고리즘,완벽히 설정된 다중 상태 코어,3,2023-06-10
안정적인 다이나믹 함수,출판된 그리드 가능 태도,2,2023-06-11
완벽히 설정된 인간자원 지식 기반,공유 가능한 분리된 환경,3,2023-06-03
완벽히 설정된 6세대 알고리즘,가상 무관용 프로토콜,1,2023-06-14
크로스 그룹 하이브리드 그룹웨어,객체 기반의 스며든 우연성,4,2023-06-06
효율적인 무관용 프로젝트,총 5세대 서비스 창구,1,2023-06-09
다용도 근본적 GUI,관리된 가치추가 능력,1,2023-06-30
무결점의 헌신적 예산 관리,설정 가능한 다이나믹 펌웨어,1,2023-06-08
조직화된 클라이언트-서버 마이그레이션,리버스 엔지니어링된 역수 예산 관리,3,2023-06-03
융합력있는 컨텐츠 기반 환경,공개 아키텍쳐 상황에 맞는 접근,5,2023-06-20
미래가 보장된 안정적 생산 능력,진보적인 휴대형 구조체,1,2023-06-16
반동적인 결합된 지원,크로스 그룹 24시간 지식 기반,3,2023-06-17
더 커진 합성물 엔진,다용도 주파수 탐지 가능 회로,3,2023-06-08
낮은 휴대형 그룹웨어,다중 주파수 수요 중심 인공지능,4,2023-06-29
복제된 스며든 포탈,오픈소스 물류 펌웨어,5,2023-06-16
다중 주파수 해답 기반 구조체,공유 가능한 다음 세대 예산 관리,5,2023-06-17
원활한 무관용 펌웨어,리버스 엔지니어링된 백그라운드 설치과정,4,2023-06-03
조직화된 밀착 인코딩,함수 기반의 정적 데이터베이스,4,2023-06-30
조절 가능한 고단계 인코딩,독보적인 멀티미디어 융합,1,2023-06-10
트리플 버퍼 최대화 예산 관리,멀티 레이어 최대화 프로토콜,4,2023-06-19
멀티 채널 장거리 엑스트라넷,특별한 고도 기반 관리자,2,2023-06-10
비전 있는 실행 시간화,비전 있는 주파수 탐지 가능 태도,2,2023-06-18
원활한 해답 기반 환경,복제된 실시간 정의,3,2023-06-04
가상 합성물 관리자,강력한 스며든 마이그레이션,2,2023-06-17
줄어든 범국가적 에뮬레이션,더 작아진 하이브리드 그룹웨어,5,2023-06-03
중심이 클라이언트 단 하드웨어,유저 친화적 상황에 맞는 모니터링,4,2023-06-23
줄어든 취약점 소프트웨어,완벽히 설정된 분석중인 분석,2,2023-06-17
융합된 다이나믹 보안구역,올바른 사이즈의 3세대 프레임,2,2023-06-13
인체 공학적인 가치추가 컨셉,모니터링되는 다이나믹 표준,2,2023-06-22
완벽히 설정된 가치추가 표준,원활한 백그라운드 융합,2,2023-06-14
객체 기반의 실시간 환경,유기농 합성물 도전,5,2023-06-18
더 작아진 장거리 분석,자가 이용 가능한 무관리 코어,3,2023-06-23
다양한 무관용 능력,원활한 백그라운드 마이그레이션,1,2023-06-12
재정렬 모듈형 공구,완벽히 설정된 다중 상태 관리자,2,2023-06-23
다양한 휴대형 예보,선택적 범국가적 환경,2,2023-06-10
미래가 보장된 5세대 공구,중심이 근본적 아카이브,1,2023-06-06
크로스 그룹 비동기 벤치마크,최적화된 클라이언트-서버 미들웨어,2,2023-06-04
강력한 교훈적 미디어 정보,공유 가능한 물류 소프트웨어,5,2023-06-18
숙련된 물류 인터페이스,변경 가능한 3세대 소프트웨어,5,2023-06-29
안정적인 객체 지향적 능력,공개 아키텍쳐 웹 사용 가능 엑스트라넷,2,2023-06-24
융합력있는 결합된 공구,강력한 환경 친화적 정의,2,2023-06-05
자동화된 3세대 컨셉,적응된 휴대형 함수,5,2023-06-26
융합된 객체 지향적 축적,다중 주파수 그리드 가능 포탈,2,2023-06-27
출판된 웹 사용 가능 소프트웨어,업그레이드 가능한 근본적 모니터링,3,2023-06-10
융합된 분리형 우연성,숙련된 백그라운드 능력,3,2023-06-22
선택적 잘 모듈화된 제품,선택적 무관리 에뮬레이션,3,2023-06-09
관리된 스며든 능력,인체 공학적인 주파수 탐지 가능 지식 기반,2,2023-06-11
객체 기반의 멀티 태스킹 엑스트라넷,관리된 휴리스틱 접근,1,2023-06-01
독보적인 작동 에뮬레이션,출판된 24/7 축적,2,2023-06-14
유저 친화적 역수 회로,완벽히 설정된 근본적 벤치마크,5,2023-06-02
최적화된 역수 공구,공유 가능한 요약 프레임워크,2,2023-06-16
다중 주파수 가치추가 전략,올바른 사이즈의 결정 모니터링,5,2023-06-12
더 작아진 헌신적 배열,크로스 플랫폼 근본적 융합,3,2023-06-23
멀티 레이어 웹 사용 가능 지식 기반,복제된 문맥 기반 함수,3,2023-06-20
설정 가능한 비동기 벤치마크,적응된 역수 생산 능력,2,2023-06-16
업그레이드 가능한 백그라운드 능력,함수 기반의 헌신적 프로젝트,2,2023-06-02
공개 키 최대화 분석,확대된 무관리 인트라넷,2,2023-06-19
효율적인 고도 기반 연합,조절 가능한 교훈적 LAN,1,2023-06-24
더 작아진 밀착 알고리즘,원활한 보조 허브,1,2023-06-22
줄어든 분리된 미들웨어,크로스 그룹 범국가적 도전,2,2023-06-19
다중 주파수 다음 세대 접근,효율적인 멀티미디어 인공지능,5,2023-06-07
더 커진 웹 사용 가능 아카이브,함수 기반의 분리형 어플리케이션,3,2023-06-06
오픈소스 결정 어댑터,설정 가능한 분석중인 함수,1,2023-06-25
인체 공학적인 헌신적 태도,효율적인 가치추가 엔진,3,2023-06-23
크로스 그룹 최대화 벤치마크,조직화된 글로벌 프로젝트,2,2023-06-07
올바른 사이즈의 글로벌 함수,적응된 인간자원 데이터베이스,1,2023-06-09
멀티 채널 다음 세대 웹 사이트,다용도 스며든 시너지,4,2023-06-21
동기화 객체 지향적 성공,총 상황에 맞는 그래픽 인터페이스,2,2023-06-23
다양한 24/7 모니터링,설정 가능한 범국가적 모니터링,2,2023-06-16
최전방 근본적 접근,리버스 엔지니어링된 분석중인 공개 시스템,5,2023-06-17
더 작아진 환경 친화적 시간화,특별한 하이브리드 서비스 창구,5,2023-06-17
공개 아키텍쳐 수요 중심 고객 만족,동기화 잘 모듈화된 지원,4,2023-06-22
공개 아키텍쳐 고도 기반 보안구역,확대된 지역적 설치과정,2,2023-06-01
객체 기반의 최대화 성공,다용도 물류 하드웨어,5,2023-06-10
오픈소스 무해한 우연성,단체 기반의 정적 서비스 창구,3,2023-06-18
안정적인 글로벌 인공지능,비즈니스 중점적 역수 프로젝트,4,2023-06-17
더 커진 결정 접근,자동화된 최적화된 예보,5,2023-06-17
객체 기반의 객체 지향적 설치과정,변경 가능한 헌신적 우연성,2,2023-06-05
융합력있는 잘 모듈화된 솔루션,비전 있는 확장 생산 능력,1,2023-06-03
멀티 채널 지역적 미디어 정보,확장된 필수 컨셉,3,2023-06-13
리버스 엔지니어링된 무해한 생산 능력,독보적인 5세대 우연성,3,2023-06-07
디지털화된 합성물 접근,숙련된 로컬 예산 관리,1,2023-06-24
트리플 버퍼 환경 친화적 지식 기반,다중 주파수 4세대 마이그레이션,4,2023-06-24
1:1 안정적 공구,공개 키 다음 세대 어플리케이션,1,2023-06-03
멀티 채널 해답 기반 마이그레이션,조직화된 문맥 기반 보안구역,3,2023-06-14
단체 기반의 글로벌 정의,적응된 분리된 접근,1,2023-06-29
더 작아진 주파수 탐지 가능 인트라넷,올바른 사이즈의 분리된 생산 능력,1,2023-06-22
낮은 밀착 어플리케이션,크로스 그룹 최대화 함수,5,2023-06-23
미래가 보장된 고단계 엔진,원활한 휴리스틱 알고리즘,4,2023-06-02
낮은 무관리 구조체,안전한 최적화된 공개 시스템,5,2023-06-21
유저 친화적 장거리 환경,낮은 멀티 태스킹 우연성,1,2023-06-07
업그레이드 가능한 합성물 미디어 정보,동기화 무해한 예보,1,2023-06-03
공개 키 분리된 공개 시스템,인체 공학적인 근본적 어플리케이션,1,2023-06-22
업그레이드 가능한 로컬 정의,강력한 모듈형 공구,2,2023-06-13
유기농 웹 사용 가능 능력,설정 가능한 고도 기반 도전,5,2023-06-29
리버스 엔지니어링된 4세대 제품,함수 기반의 무해한 프로젝트,2,2023-06-22
객체 기반의 6세대 엔진,올바른 사이즈의 그리드 가능 에뮬레이션,3,2023-06-05
특별한 4세대 인공지능,변경 가능한 비대칭 전략,4,2023-06-03
재정렬 문맥 기반 어플리케이션,무결점의 취약점 어댑터,3,2023-06-29
업그레이드 가능한 실행 도전,유저 친화적 잘 모듈화된 공구,3,2023-06-21
적응된 4세대 시너지,효율적인 중립형 계층,2,2023-06-09
자가 이용 가능한 스며든 허브,복제된 백그라운드 환경,1,2023-06-30
효율적인 휴리스틱 표준,강화된 합성물 보안구역,4,2023-06-06
선택적 실행 연합,최전방 로컬 미디어 정보,4,2023-06-19
유기농 스며든 회로,완벽히 설정된 하이브리드 회로,2,2023-06-19
낮은 물류 연합,오픈소스 고도 기반 벤치마크,1,2023-06-04
효율적인 24시간 환경,단체 기반의 24시간 공개 시스템,3,2023-06-06
융합된 필수 고객 만족,비즈니스 중점적 가치추가 인터페이스,2,2023-06-12
프로그래밍 가능한 문맥 기반 서비스 창구,업그레이드 가능한 3세대 모니터링,3,2023-06-18
공유 가능한 24시간 안내 창구,비즈니스 중점적 합성물 배열,1,2023-06-10
적응된 장거리 고객 만족,설정 가능한 스며든 유연성,5,2023-06-28
공유 가능한 무관리 포탈,다양한 로컬 회로,1,2023-06-07
다중 주파수 보조 공개 시스템,모니터링되는 결정 프레임,5,2023-06-30
더 커진 5세대 엔진,멀티 채널 확장 시간화,5,2023-06-12
안정적인 실시간 프레임,설정 가능한 국가적 공구,4,2023-06-24
효율적인 중립형 인터페이스,자동화된 로컬 어플리케이션,2,2023-06-10
강화된 6세대 시간화,프로그래밍 가능한 결정 인코딩,2,2023-06-29
다양한 합성물 어플리케이션,안전한 작동 코어,1,2023-06-06
리버스 엔지니어링된 분리형 함수,총 장거리 아키텍쳐,4,2023-06-18
멀티 채널 장거리 어플리케이션,무결점의 비대칭 인터페이스,2,2023-06-20
유저 친화적 다중 상태 코어,융합된 밀착 성공,1,2023-06-06
다중 주파수 지역적 웹 사이트,융합력있는 합성물 유연성,5,2023-06-10
크로스 플랫폼 객체 지향적 어플리케이션,가상 장거리 인트라넷,2,2023-06-24
공유 가능한 휴리스틱 분석,트리플 버퍼 방향 접근,3,2023-06-10
다양한 결합된 엔진,무결점의 멀티미디어 우연성,2,2023-06-01
공개 키 클라이언트 단 축적,자가 이용 가능한 글로벌 인터페이스,4,2023-06-25
비즈니스 중점적 하이브리드 그룹웨어,더 커진 인간자원 그래픽 인터페이스,4,2023-06-16
1:1 취약점 지식 기반,강력한 정적 안내 창구,3,2023-06-15
줄어든 하이브리드 우연성,설정 가능한 잘 모듈화된 컨셉,5,2023-06-19
안정적인 4세대 배열,반동적인 무관리 능력,5,2023-06-12
모니터링되는 무관용 구조체,멀티 채널 멀티미디어 공구,2,2023-06-19
낮은 실행 관리자,객체 기반의 역수 정책,3,2023-06-04
디지털화된 확장 웹 사이트,비즈니스 중점적 3세대 표준,3,2023-06-09
낮은 멀티미디어 아키텍쳐,1:1 헌신적 미디어 정보,4,2023-06-02
더 작아진 고단계 시간화,공개 키 비대칭 컨셉,1,2023-06-29
재정렬 요약 태도,반동적인 6세대 예산 관리,2,2023-06-28
멀티 레이어 범국가적 유연성,오픈소스 백그라운드 에뮬레이션,1,2023-06-14
인체 공학적인 클라이언트 단 예보,프로그래밍 가능한 5세대 설치과정,2,2023-06-06
멀티 레이어 방향 인공지능,원활한 가치추가 구조체,2,2023-06-29
낮은 24시간 프로토콜,변경 가능한 웹 사용 가능 인트라넷,4,2023-06-02
조절 가능한 가치추가 허브,동기화 장거리 공개 시스템,4,2023-06-02
독보적인 필수 엔진,특별한 비동기 엑스트라넷,3,2023-06-28
자가 이용 가능한 분리된 고객 만족,원활한 글로벌 함수,5,2023-06-15
트리플 버퍼 역수 관리자,올바른 사이즈의 실행 소프트웨어,2,2023-06-12
크로스 그룹 결정 분석,멀티 채널 모듈형 아카이브,4,2023-06-16
단체 기반의 분리된 허브,크로스 그룹 물류 환경,4,2023-06-08
유기농 3세대 컨셉,선택적 보조 접근,4,2023-06-26
숙련된 국가적 모델,모니터링되는 무관리 배열,2,2023-06-16
낮은 클라이언트-서버 컨셉,품질 중심의 근본적 마이그레이션,5,2023-06-16
안전한 합성물 성공,특별한 문맥 기반 우연성,3,2023-06-19
출판된 수요 중심 프로젝트,수익에 중점을 둔 방향 접근,2,2023-06-11
미래가 보장된 물류 프로젝트,미래가 보장된 분석중인 환경,3,2023-06-29
멀티 채널 해답 기반 모델,최전방 클라이언트 단 모델,2,2023-06-03
원활한 정적 코어,독보적인 요약 축적,1,2023-06-29
디지털화된 비동기 미들웨어,공유 가능한 분석중인 정책,1,2023-06-30
낮은 무해한 알고리즘,독보적인 다이나믹 에뮬레이션,5,2023-06-12
동기화 멀티미디어 프레임,재정렬 지역적 인공지능,1,2023-06-20
멀티 채널 하이브리드 소프트웨어,최전방 선구적 프레임,2,2023-06-29
출판된 실시간 펌웨어,진보적인 범국가적 지원,4,2023-06-15
반동적인 필수 솔루션,출판된 안정적 연합,1,2023-06-11
출판된 분리형 에뮬레이션,강력한 분리형 프레임,1,2023-06-16
자동화된 잘 모듈화된 융합,다중 주파수 분석중인 아키텍쳐,1,2023-06-27
효율적인 다이나믹 생산 능력,자동화된 클라이언트 단 엑스트라넷,1,2023-06-29
크로스 그룹 분리된 그룹웨어,1:1 국가적 모델,4,2023-06-21
비즈니스 중점적 취약점 어플리케이션,최전방 무관리 벤치마크,1,2023-06-30
재정렬 고도 기반 고객 만족,단체 기반의 비동기 서비스 창구,5,2023-06-22
사용자 중심의 안정적 생산 능력,중심이 분석중인 LAN,4,2023-06-14
미래가 보장된 결합된 회로,확장된 결합된 데이터베이스,4,2023-06-23
유저 친화적 최적화된 지원,특별한 필수 함수,5,2023-06-11
미래가 보장된 교훈적 그래픽 인터페이스,공개 아키텍쳐 필수 인공지능,1,2023-06-19
공유 가능한 최대화 펌웨어,조절 가능한 인간자원 전략,4,2023-06-13
총 컨텐츠 기반 어댑터,유저 친화적 주파수 탐지 가능 예산 관리,2,2023-06-09
다용도 24시간 함수,디지털화된 밀착 펌웨어,4,2023-06-14
품질 중심의 가치추가 설치과정,반동적인 중립형 엑스트라넷,3,2023-06-28
총 헌신적 공구,자동화된 멀티미디어 데이터베이스,4,2023-06-23
멀티 레이어 3세대 인터페이스,공개 키 웹 사용 가능 전략,5,2023-06-17
중심이 실시간 제품,줄어든 비대칭 함수,4,2023-06-01
중심이 결합된 GUI,효율적인 클라이언트-서버 제품,3,2023-06-21
크로스 플랫폼 고도 기반 인터페이스,자동화된 작동 접근,3,2023-06-05
융합된 분리형 환경,융합된 멀티미디어 보안구역,5,2023-06-05
반동적인 장거리 접근,비전 있는 확장 계층,4,2023-06-29
모니터링되는 무해한 지식 기반,1:1 장거리 암호화,4,2023-06-25
특별한 필수 태도,최전방 클라이언트 단 모델,4,2023-06-24
출판된 4세대 펌웨어,모니터링되는 멀티 태스킹 엑스트라넷,1,2023-06-20
최적화된 다중 상태 데이터베이스,조절 가능한 최적화된 회로,3,2023-06-25
자동화된 주파수 탐지 가능 접근,숙련된 중립형 시간화,1,2023-06-10
가상 역수 표준,유기농 스며든 어플리케이션,2,2023-06-07
관리된 상황에 맞는 시간화,융합된 24시간 펌웨어,2,2023-06-07
조절 가능한 물류 공구,재정렬 고도 기반 표준,3,2023-06-11
선택적 분석중인 프로토콜,다중 주파수 하이브리드 어댑터,3,2023-06-10
프로그래밍 가능한 하이브리드 함수,자동화된 휴리스틱 어댑터,3,2023-06-04
다중 주파수 작동 아카이브,크로스 플랫폼 멀티미디어 모니터링,1,2023-06-21
적응된 무관용 컨셉,강력한 필수 에뮬레이션,3,2023-06-14
오픈소스 고단계 미디어 정보,특별한 국가적 안내 창구,2,2023-06-02
1:1 필수 구조체,프로그래밍 가능한 국가적 제품,4,2023-06-08
원활한 국가적 성공,확대된 잘 모듈화된 지식 기반,2,2023-06-13
적응된 비대칭 축적,수익에 중점을 둔 다음 세대 서비스 창구,4,2023-06-30
오픈소스 무관용 공개 시스템,관리된 확장 인공지능,4,2023-06-28
리버스 엔지니어링된 안정적 인터페이스,최전방 안정적 미들웨어,3,2023-06-20
다양한 합성물 연합,더 커진 중립형 환경,3,2023-06-23
공유 가능한 모듈형 환경,안전한 가치추가 지원,2,2023-06-25
변경 가능한 결합된 LAN,크로스 플랫폼 합성물 인터페이스,4,2023-06-20
업그레이드 가능한 결정 융합,원활한 밀착 시너지,2,2023-06-19
최적화된 국가적 모델,강화된 헌신적 생산 능력,5,2023-06-22
올바른 사이즈의 범국가적 GUI,유저 친화적 최적화된 LAN,3,2023-06-13
동기화 물류 프레임,자동화된 휴대형 고객 만족,3,2023-06-23
융합된 멀티 태스킹 설치과정,확장된 고도 기반 마이그레이션,5,2023-06-21
진보적인 분리형 우연성,사용자 중심의 고도 기반 정책,3,2023-06-09
원활한 클라이언트-서버 소프트웨어,유저 친화적 모듈형 관리자,5,2023-06-18
멀티 레이어 방향 공구,복제된 분석중인 연합,2,2023-06-24
더 작아진 비대칭 축적,중심이 밀착 예산 관리,3,2023-06-03
크로스 플랫폼 해답 기반 연합,비전 있는 무관용 암호화,2,2023-06-14
크로스 플랫폼 정적 벤치마크,진보적인 24/7 접근,1,2023-06-13
멀티 채널 필수 인트라넷,안전한 최대화 정의,5,2023-06-25
비전 있는 인간자원 시간화,동기화 모듈형 지원,1,2023-06-09
총 교훈적 배열,단체 기반의 확장 데이터베이스,2,2023-06-16
올바른 사이즈의 문맥 기반 미들웨어,1:1 국가적 성공,2,2023-06-28
다용도 분리형 정책,업그레이드 가능한 무관용 컨셉,3,2023-06-03
중심이 인간자원 유연성,효율적인 하이브리드 프레임워크,1,2023-06-04
줄어든 하이브리드 암호화,적응된 밀착 예보,1,2023-06-18
멀티 레이어 역수 시간화,다양한 인간자원 설치과정,4,2023-06-29
멀티 레이어 문맥 기반 연합,숙련된 고도 기반 안내 창구,4,2023-06-30
사용자 중심의 3세대 데이터베이스,더 작아진 보조 어플리케이션,5,2023-06-29
디지털화된 보조 마이그레이션,가상 안정적 예산 관리,3,2023-06-27
조절 가능한 인간자원 코어,공유 가능한 결정 미디어 정보,5,2023-06-29
확대된 무관용 알고리즘,가상 선구적 지식 기반,2,2023-06-04
조절 가능한 백그라운드 함수,진보적인 분리된 암호화,3,2023-06-14
다용도 결합된 미들웨어,동기화 3세대 미들웨어,3,2023-06-08
비전 있는 다이나믹 제품,완벽히 설정된 4세대 미디어 정보,2,2023-06-25
유기농 웹 사용 가능 포탈,총 멀티미디어 그룹웨어,4,2023-06-23
안정적인 수요 중심 프로젝트,융합된 환경 친화적 모니터링,4,2023-06-08
크로스 플랫폼 스며든 안내 창구,트리플 버퍼 중립형 도전,2,2023-06-26
융합된 다중 상태 생산 능력,동기화 수요 중심 그룹웨어,5,2023-06-17
적응된 스며든 예산 관리,멀티 레이어 보조 어플리케이션,4,2023-06-24
업그레이드 가능한 환경 친화적 프레임,낮은 문맥 기반 모델,2,2023-06-18
진보적인 실시간 계층,총 하이브리드 인코딩,2,2023-06-17
안정적인 무관용 인트라넷,줄어든 6세대 그룹웨어,5,2023-06-23
크로스 플랫폼 방향 그룹웨어,융합된 최대화 접근,3,2023-06-01
무결점의 환경 친화적 접근,더 작아진 문맥 기반 아키텍쳐,1,2023-06-17
무결점의 4세대 융합,유저 친화적 스며든 GUI,2,2023-06-14
융합된 잘 모듈화된 접근,설정 가능한 백그라운드 마이그레이션,5,2023-06-27
반동적인 잘 모듈화된 유연성,리버스 엔지니어링된 24/7 표준,4,2023-06-15
강화된 백그라운드 지원,가상 멀티 태스킹 환경,4,2023-06-14
확장된 하이브리드 전략,모니터링되는 최적화된 벤치마크,2,2023-06-24
융합력있는 결정 유연성,융합력있는 24/7 도전,5,2023-06-20
크로스 그룹 모듈형 구조체,올바른 사이즈의 고도 기반 구조체,5,2023-06-08
더 작아진 비대칭 솔루션,조절 가능한 장거리 환경,5,2023-06-08
조절 가능한 문맥 기반 정책,반동적인 컨텐츠 기반 보안구역,4,2023-06-24
설정 가능한 24시간 암호화,오픈소스 방향 설치과정,5,2023-06-23
융합된 근본적 전략,완벽히 설정된 멀티 태스킹 프레임,5,2023-06-09
가상 필수 안내 창구,무결점의 실시간 공개 시스템,4,2023-06-25
프로그래밍 가능한 클라이언트 단 정책,크로스 그룹 분리형 패러다임,2,2023-06-10
완벽히 설정된 분리된 고객 만족,업그레이드 가능한 정적 환경,2,2023-06-07
조직화된 해답 기반 지식 기반,복제된 백그라운드 고객 만족,2,2023-06-19
안전한 컨텐츠 기반 안내 창구,다중 주파수 요약 암호화,2,2023-06-28
